source_code,source_name,target_code,target_name,similarity,source_pop,target_pop,source_is_mountain,target_is_mountain
1000201,宜蘭市,1000202,羅東,0.9106,265,311,0,0
1000201,宜蘭市,1000203,蘇澳,0.9195,265,118,0,0
1000201,宜蘭市,1000204,頭城,0.8561,265,35,0,0
1000201,宜蘭市,1000205,礁溪,0.8649,265,69,0,0
1000201,宜蘭市,1000206,壯圍,0.8553,265,45,0,0
1000201,宜蘭市,1000207,員山,0.8082,265,120,0,0
1000201,宜蘭市,1000208,冬山,0.8458,265,183,0,0
1000201,宜蘭市,1000209,五結,0.8572,265,132,0,0
1000201,宜蘭市,1000210,三星,0.8508,265,141,0,0
1000201,宜蘭市,1000211,大同,0.8564,265,723,0,1
1000201,宜蘭市,1000212,南澳,0.8424,265,791,0,1
1000202,羅東,1000203,蘇澳,0.8754,311,118,0,0
1000202,羅東,1000204,頭城,0.8224,311,35,0,0
1000202,羅東,1000205,礁溪,0.8796,311,69,0,0
1000202,羅東,1000206,壯圍,0.8641,311,45,0,0
1000202,羅東,1000207,員山,0.8026,311,120,0,0
1000202,羅東,1000208,冬山,0.8620,311,183,0,0
1000202,羅東,1000209,五結,0.8683,311,132,0,0
1000202,羅東,1000210,三星,0.8285,311,141,0,0
1000202,羅東,1000211,大同,0.8572,311,723,0,1
1000202,羅東,1000212,南澳,0.8415,311,791,0,1
1000203,蘇澳,1000204,頭城,0.8785,118,35,0,0
1000203,蘇澳,1000205,礁溪,0.8854,118,69,0,0
1000203,蘇澳,1000206,壯圍,0.8742,118,45,0,0
1000203,蘇澳,1000207,員山,0.7938,118,120,0,0
1000203,蘇澳,1000208,冬山,0.8299,118,183,0,0
1000203,蘇澳,1000209,五結,0.8580,118,132,0,0
1000203,蘇澳,1000210,三星,0.8748,118,141,0,0
1000203,蘇澳,1000211,大同,0.8035,118,723,0,1
1000203,蘇澳,1000212,南澳,0.8241,118,791,0,1
1000204,頭城,1000205,礁溪,0.8733,35,69,0,0
1000204,頭城,1000206,壯圍,0.8063,35,45,0,0
1000204,頭城,1000207,員山,0.7988,35,120,0,0
1000204,頭城,1000208,冬山,0.8278,35,183,0,0
1000204,頭城,1000209,五結,0.8011,35,132,0,0
1000204,頭城,1000210,三星,0.7919,35,141,0,0
1000204,頭城,1000211,大同,0.7712,35,723,0,1
1000204,頭城,1000212,南澳,0.8314,35,791,0,1
1000205,礁溪,1000206,壯圍,0.8841,69,45,0,0
1000205,礁溪,1000207,員山,0.8293,69,120,0,0
1000205,礁溪,1000208,冬山,0.8629,69,183,0,0
1000205,礁溪,1000209,五結,0.8603,69,132,0,0
1000205,礁溪,1000210,三星,0.8245,69,141,0,0
1000205,礁溪,1000211,大同,0.7908,69,723,0,1
1000205,礁溪,1000212,南澳,0.8091,69,791,0,1
1000206,壯圍,1000207,員山,0.7861,45,120,0,0
1000206,壯圍,1000208,冬山,0.8525,45,183,0,0
1000206,壯圍,1000209,五結,0.8419,45,132,0,0
1000206,壯圍,1000210,三星,0.7910,45,141,0,0
1000206,壯圍,1000211,大同,0.7500,45,723,0,1
1000206,壯圍,1000212,南澳,0.7897,45,791,0,1
1000207,員山,1000208,冬山,0.8653,120,183,0,0
1000207,員山,1000209,五結,0.8629,120,132,0,0
1000207,員山,1000210,三星,0.8259,120,141,0,0
1000207,員山,1000211,大同,0.7158,120,723,0,1
1000207,員山,1000212,南澳,0.7305,120,791,0,1
1000208,冬山,1000209,五結,0.8820,183,132,0,0
1000208,冬山,1000210,三星,0.8246,183,141,0,0
1000208,冬山,1000211,大同,0.7842,183,723,0,1
1000208,冬山,1000212,南澳,0.7971,183,791,0,1
1000209,五結,1000210,三星,0.8436,132,141,0,0
1000209,五結,1000211,大同,0.7717,132,723,0,1
1000209,五結,1000212,南澳,0.7860,132,791,0,1
1000210,三星,1000211,大同,0.7684,141,723,0,1
1000210,三星,1000212,南澳,0.7504,141,791,0,1
1000211,大同,1000212,南澳,0.8814,723,791,1,1
1000211,大同,6300006,大同,0.6605,723,127,1,0
1000211,大同,6300008,文山,0.6629,723,281,1,0
1000401,竹北,1000402,竹東,0.8919,250,704,0,0
1000401,竹北,1000403,新埔,0.7674,250,56,0,0
1000401,竹北,1000405,湖口,0.8419,250,243,0,0
1000401,竹北,1000406,新豐,0.9088,250,143,0,0
1000401,竹北,1000407,芎林,0.7077,250,92,0,0
1000401,竹北,1000408,橫山,0.8097,250,106,0,0
1000401,竹北,1000409,北埔,0.6801,250,33,0,0
1000401,竹北,1000410,寶山,0.8305,250,37,0,0
1000401,竹北,1000412,尖石,0.8652,250,1006,0,1
1000401,竹北,1000413,五峰,0.7956,250,642,0,1
1000401,竹北,1001801,新竹東區(舊),0.8440,250,288,0,0
1000401,竹北,1001802,新竹北區(舊),0.8811,250,293,0,0
1000401,竹北,1001803,新竹香山(舊),0.8100,250,200,0,0
1000401,竹北,6800004,楊梅,0.6752,250,454,0,0
1000401,竹北,6800009,龍潭,0.6925,250,524,0,0
1000402,竹東,1000403,新埔,0.7603,704,56,0,0
1000402,竹東,1000404,關西,0.6829,704,203,0,0
1000402,竹東,1000405,湖口,0.8332,704,243,0,0
1000402,竹東,1000406,新豐,0.8761,704,143,0,0
1000402,竹東,1000407,芎林,0.7231,704,92,0,0
1000402,竹東,1000408,橫山,0.8424,704,106,0,0
1000402,竹東,1000409,北埔,0.7377,704,33,0,0
1000402,竹東,1000410,寶山,0.7819,704,37,0,0
1000402,竹東,1000412,尖石,0.9241,704,1006,0,1
1000402,竹東,1000413,五峰,0.8679,704,642,0,1
1000402,竹東,1001801,新竹東區(舊),0.8336,704,288,0,0
1000402,竹東,1001802,新竹北區(舊),0.8393,704,293,0,0
1000402,竹東,1001803,新竹香山(舊),0.7600,704,200,0,0
1000402,竹東,6800004,楊梅,0.6601,704,454,0,0
1000402,竹東,6800009,龍潭,0.6715,704,524,0,0
1000403,新埔,1000404,關西,0.8079,56,203,0,0
1000403,新埔,1000405,湖口,0.7998,56,243,0,0
1000403,新埔,1000406,新豐,0.8094,56,143,0,0
1000403,新埔,1000407,芎林,0.7267,56,92,0,0
1000403,新埔,1000408,橫山,0.7935,56,106,0,0
1000403,新埔,1000412,尖石,0.7772,56,1006,0,1
1000403,新埔,1000413,五峰,0.7315,56,642,0,1
1000403,新埔,1001801,新竹東區(舊),0.6890,56,288,0,0
1000403,新埔,1001802,新竹北區(舊),0.7449,56,293,0,0
1000403,新埔,1001803,新竹香山(舊),0.6693,56,200,0,0
1000403,新埔,6800009,龍潭,0.6658,56,524,0,0
1000404,關西,1000405,湖口,0.7454,203,243,0,0
1000404,關西,1000406,新豐,0.6921,203,143,0,0
1000404,關西,1000407,芎林,0.7392,203,92,0,0
1000404,關西,1000408,橫山,0.7831,203,106,0,0
1000404,關西,1000409,北埔,0.7264,203,33,0,0
1000404,關西,1000412,尖石,0.7256,203,1006,0,1
1000404,關西,1000413,五峰,0.7517,203,642,0,1
1000404,關西,6800009,龍潭,0.6673,203,524,0,0
1000405,湖口,1000406,新豐,0.8450,243,143,0,0
1000405,湖口,1000407,芎林,0.7462,243,92,0,0
1000405,湖口,1000408,橫山,0.8364,243,106,0,0
1000405,湖口,1000409,北埔,0.7018,243,33,0,0
1000405,湖口,1000410,寶山,0.7522,243,37,0,0
1000405,湖口,1000412,尖石,0.8745,243,1006,0,1
1000405,湖口,1000413,五峰,0.8186,243,642,0,1
1000405,湖口,1001801,新竹東區(舊),0.7996,243,288,0,0
1000405,湖口,1001802,新竹北區(舊),0.8255,243,293,0,0
1000405,湖口,1001803,新竹香山(舊),0.7628,243,200,0,0
1000406,新豐,1000407,芎林,0.7442,143,92,0,0
1000406,新豐,1000408,橫山,0.8179,143,106,0,0
1000406,新豐,1000409,北埔,0.6876,143,33,0,0
1000406,新豐,1000410,寶山,0.8012,143,37,0,0
1000406,新豐,1000412,尖石,0.8672,143,1006,0,1
1000406,新豐,1000413,五峰,0.7949,143,642,0,1
1000406,新豐,1001801,新竹東區(舊),0.8461,143,288,0,0
1000406,新豐,1001802,新竹北區(舊),0.8971,143,293,0,0
1000406,新豐,1001803,新竹香山(舊),0.8167,143,200,0,0
1000406,新豐,6800004,楊梅,0.6603,143,454,0,0
1000406,新豐,6800009,龍潭,0.6887,143,524,0,0
1000407,芎林,1000408,橫山,0.8409,92,106,0,0
1000407,芎林,1000409,北埔,0.7648,92,33,0,0
1000407,芎林,1000410,寶山,0.7036,92,37,0,0
1000407,芎林,1000412,尖石,0.7237,92,1006,0,1
1000407,芎林,1000413,五峰,0.8235,92,642,0,1
1000407,芎林,1001801,新竹東區(舊),0.7779,92,288,0,0
1000407,芎林,1001802,新竹北區(舊),0.7889,92,293,0,0
1000407,芎林,1001803,新竹香山(舊),0.7263,92,200,0,0
1000408,橫山,1000409,北埔,0.7782,106,33,0,0
1000408,橫山,1000410,寶山,0.7129,106,37,0,0
1000408,橫山,1000412,尖石,0.8338,106,1006,0,1
1000408,橫山,1000413,五峰,0.9087,106,642,0,1
1000408,橫山,1001801,新竹東區(舊),0.7686,106,288,0,0
1000408,橫山,1001802,新竹北區(舊),0.8024,106,293,0,0
1000408,橫山,1001803,新竹香山(舊),0.7047,106,200,0,0
1000409,北埔,1000412,尖石,0.7449,33,1006,0,1
1000409,北埔,1000413,五峰,0.8212,33,642,0,1
1000409,北埔,1001801,新竹東區(舊),0.6907,33,288,0,0
1000410,寶山,1000412,尖石,0.7370,37,1006,0,1
1000410,寶山,1000413,五峰,0.7376,37,642,0,1
1000410,寶山,1000504,竹南,0.6655,37,149,0,0
1000410,寶山,1001801,新竹東區(舊),0.8714,37,288,0,0
1000410,寶山,1001802,新竹北區(舊),0.8497,37,293,0,0
1000410,寶山,1001803,新竹香山(舊),0.8824,37,200,0,0
1000412,尖石,1000413,五峰,0.8640,1006,642,1,1
1000412,尖石,1001801,新竹東區(舊),0.8160,1006,288,1,0
1000412,尖石,1001802,新竹北區(舊),0.8134,1006,293,1,0
1000412,尖石,1001803,新竹香山(舊),0.7204,1006,200,1,0
1000412,尖石,6800004,楊梅,0.6750,1006,454,1,0
1000412,尖石,6800009,龍潭,0.7018,1006,524,1,0
1000413,五峰,1001801,新竹東區(舊),0.8026,642,288,1,0
1000413,五峰,1001802,新竹北區(舊),0.7955,642,293,1,0
1000413,五峰,1001803,新竹香山(舊),0.7219,642,200,1,0
1000501,苗栗市,1000504,竹南,0.7450,187,149,0,0
1000501,苗栗市,1000505,頭份,0.7186,187,217,0,0
1000501,苗栗市,1000506,後龍,0.8106,187,46,0,0
1000501,苗栗市,1000507,卓蘭,0.6683,187,54,0,0
1000501,苗栗市,1000508,大湖,0.8862,187,74,0,0
1000501,苗栗市,1000509,公館,0.8543,187,62,0,0
1000501,苗栗市,1000510,銅鑼,0.7957,187,55,0,0
1000501,苗栗市,1000511,南庄,0.8406,187,237,0,0
1000501,苗栗市,1000512,頭屋,0.8449,187,34,0,0
1000501,苗栗市,1000515,造橋,0.8086,187,40,0,0
1000501,苗栗市,1000518,泰安,0.8556,187,794,0,1
1000504,竹南,1000505,頭份,0.8579,149,217,0,0
1000504,竹南,1000506,後龍,0.7022,149,46,0,0
1000504,竹南,1000508,大湖,0.7195,149,74,0,0
1000504,竹南,1000509,公館,0.7439,149,62,0,0
1000504,竹南,1000510,銅鑼,0.7525,149,55,0,0
1000504,竹南,1000511,南庄,0.6823,149,237,0,0
1000504,竹南,1000512,頭屋,0.6757,149,34,0,0
1000504,竹南,1000513,三義,0.6823,149,30,0,0
1000504,竹南,1000515,造橋,0.7339,149,40,0,0
1000504,竹南,1000518,泰安,0.7133,149,794,0,1
1000505,頭份,1000506,後龍,0.7033,217,46,0,0
1000505,頭份,1000508,大湖,0.6675,217,74,0,0
1000505,頭份,1000509,公館,0.7028,217,62,0,0
1000505,頭份,1000510,銅鑼,0.7729,217,55,0,0
1000505,頭份,1000511,南庄,0.7008,217,237,0,0
1000505,頭份,1000513,三義,0.6697,217,30,0,0
1000505,頭份,1000518,泰安,0.7148,217,794,0,1
1000506,後龍,1000508,大湖,0.7738,46,74,0,0
1000506,後龍,1000509,公館,0.8128,46,62,0,0
1000506,後龍,1000510,銅鑼,0.7553,46,55,0,0
1000506,後龍,1000511,南庄,0.8553,46,237,0,0
1000506,後龍,1000512,頭屋,0.7558,46,34,0,0
1000506,後龍,1000515,造橋,0.7304,46,40,0,0
1000506,後龍,1000518,泰安,0.7356,46,794,0,1
1000507,卓蘭,1000508,大湖,0.7312,54,74,0,0
1000507,卓蘭,1000518,泰安,0.7508,54,794,0,1
1000507,卓蘭,6600002,臺中東區,0.7013,54,115,0,0
1000507,卓蘭,6600004,臺中西區,0.6667,54,108,0,0
1000507,卓蘭,6600008,北屯,0.6838,54,410,0,0
1000507,卓蘭,6600009,豐原,0.7117,54,222,0,0
1000507,卓蘭,6600010,東勢,0.7097,54,241,0,0
1000507,卓蘭,6600011,大甲,0.7188,54,32,0,0
1000507,卓蘭,6600015,后里,0.6905,54,84,0,0
1000507,卓蘭,6600016,神岡,0.6664,54,59,0,0
1000507,卓蘭,6600017,潭子,0.7015,54,225,0,0
1000507,卓蘭,6600026,霧峰,0.6620,54,48,0,0
1000508,大湖,1000509,公館,0.8697,74,62,0,0
1000508,大湖,1000510,銅鑼,0.7263,74,55,0,0
1000508,大湖,1000511,南庄,0.7862,74,237,0,0
1000508,大湖,1000512,頭屋,0.8672,74,34,0,0
1000508,大湖,1000513,三義,0.6712,74,30,0,0
1000508,大湖,1000515,造橋,0.8507,74,40,0,0
1000508,大湖,1000518,泰安,0.9018,74,794,0,1
1000509,公館,1000510,銅鑼,0.7672,62,55,0,0
1000509,公館,1000511,南庄,0.8117,62,237,0,0
1000509,公館,1000512,頭屋,0.7818,62,34,0,0
1000509,公館,1000515,造橋,0.8024,62,40,0,0
1000509,公館,1000518,泰安,0.8187,62,794,0,1
1000510,銅鑼,1000511,南庄,0.7259,55,237,0,0
1000510,銅鑼,1000512,頭屋,0.6813,55,34,0,0
1000510,銅鑼,1000515,造橋,0.7068,55,40,0,0
1000510,銅鑼,1000518,泰安,0.7605,55,794,0,1
1000511,南庄,1000512,頭屋,0.7610,237,34,0,0
1000511,南庄,1000515,造橋,0.7396,237,40,0,0
1000511,南庄,1000518,泰安,0.7591,237,794,0,1
1000512,頭屋,1000515,造橋,0.8721,34,40,0,0
1000512,頭屋,1000518,泰安,0.7940,34,794,0,1
1000513,三義,6600002,臺中東區,0.6783,30,115,0,0
1000513,三義,6600006,西屯,0.6650,30,247,0,0
1000513,三義,6600011,大甲,0.6771,30,32,0,0
1000513,三義,6600014,梧棲,0.6619,30,70,0,0
1000515,造橋,1000518,泰安,0.8060,40,794,0,1
1000701,彰化市,1000710,員林,0.7068,78,53,0,0
1000710,員林,1000712,1000712,0.8256,53,37,0,0
1000710,員林,6600007,南屯,0.6627,53,130,0,0
1000801,南投市,1000802,埔里,0.8675,87,428,0,0
1000801,南投市,1000803,草屯,0.7413,87,98,0,0
1000801,南投市,1000804,竹山,0.6719,87,44,0,0
1000801,南投市,1000806,名間,0.7957,87,31,0,0
1000801,南投市,1000809,魚池,0.7126,87,32,0,0
1000801,南投市,1000812,信義,0.7419,87,88,0,0
1000801,南投市,1000813,仁愛,0.8531,87,710,0,1
1000802,埔里,1000803,草屯,0.7700,428,98,0,0
1000802,埔里,1000804,竹山,0.7377,428,44,0,0
1000802,埔里,1000806,名間,0.8052,428,31,0,0
1000802,埔里,1000809,魚池,0.7407,428,32,0,0
1000802,埔里,1000812,信義,0.8033,428,88,0,0
1000802,埔里,1000813,仁愛,0.9446,428,710,0,1
1000803,草屯,1000804,竹山,0.8270,98,44,0,0
1000803,草屯,1000806,名間,0.7785,98,31,0,0
1000803,草屯,1000812,信義,0.7122,98,88,0,0
1000803,草屯,1000813,仁愛,0.7926,98,710,0,1
1000803,草屯,6600005,臺中北區,0.6752,98,220,0,0
1000803,草屯,6600012,清水,0.6847,98,61,0,0
1000803,草屯,6600025,龍井,0.7678,98,83,0,0
1000803,草屯,6600026,霧峰,0.6790,98,48,0,0
1000803,草屯,6600027,太平,0.6753,98,256,0,0
1000803,草屯,6600028,大里,0.6775,98,161,0,0
1000804,竹山,1000806,名間,0.7676,44,31,0,0
1000804,竹山,1000809,魚池,0.6648,44,32,0,0
1000804,竹山,1000812,信義,0.6932,44,88,0,0
1000804,竹山,1000813,仁愛,0.7680,44,710,0,1
1000804,竹山,6600025,龍井,0.7010,44,83,0,0
1000806,名間,1000809,魚池,0.7681,31,32,0,0
1000806,名間,1000812,信義,0.7009,31,88,0,0
1000806,名間,1000813,仁愛,0.8138,31,710,0,1
1000806,名間,6600012,清水,0.6653,31,61,0,0
1000806,名間,6600025,龍井,0.6840,31,83,0,0
1000809,魚池,1000813,仁愛,0.7507,32,710,0,1
1000812,信義,1000813,仁愛,0.7951,88,710,0,1
1000813,仁愛,6600025,龍井,0.6729,710,83,1,0
1000901,斗六,1000913,1000913,0.6836,46,36,0,0
1000913,1000913,6600014,梧棲,0.7008,36,70,0,0
1001301,屏東市,1001330,來義,0.6641,91,32,0,0
1001330,來義,1001601,馬公,0.6771,32,45,0,0
1001330,來義,6400003,左營,0.6954,32,107,0,0
1001330,來義,6400005,三民,0.7011,32,92,0,0
1001330,來義,6400011,小港,0.6679,32,75,0,0
1001330,來義,6500016,泰山,0.6641,32,91,0,0
1001330,來義,6500017,林口,0.6733,32,191,0,0
1001330,來義,6800001,桃園,0.7100,32,609,0,0
1001330,來義,6800002,中壢,0.7266,32,749,0,0
1001330,來義,6800004,楊梅,0.7070,32,454,0,0
1001330,來義,6800005,蘆竹,0.6880,32,260,0,0
1001330,來義,6800006,大園,0.6988,32,161,0,0
1001330,來義,6800008,八德,0.6780,32,528,0,0
1001330,來義,6800010,平鎮,0.6763,32,559,0,0
1001330,來義,902004,902004,0.6750,32,40,0,0
1001401,臺東市,1001404,卑南,0.8147,168,45,0,0
1001401,臺東市,6400003,左營,0.6748,168,107,0,0
1001401,臺東市,6400004,楠梓,0.6606,168,130,0,0
1001601,馬公,1001702,基隆七堵,0.6840,45,81,0,0
1001601,馬公,6300001,松山,0.6952,45,105,0,0
1001601,馬公,6300002,信義,0.6667,45,165,0,0
1001601,馬公,6300004,中山,0.6713,45,209,0,0
1001601,馬公,6300010,內湖,0.6899,45,220,0,0
1001601,馬公,6300011,士林,0.6898,45,176,0,0
1001601,馬公,6400005,三民,0.7643,45,92,0,0
1001601,馬公,6400009,6400009,0.6684,45,79,0,0
1001601,馬公,6500001,板橋,0.7258,45,310,0,0
1001601,馬公,6500002,三重,0.6956,45,206,0,0
1001601,馬公,6500003,中和,0.7011,45,316,0,0
1001601,馬公,6500004,永和,0.6760,45,148,0,0
1001601,馬公,6500005,新莊,0.6855,45,291,0,0
1001601,馬公,6500006,新店,0.6860,45,345,0,0
1001601,馬公,6500009,三峽,0.7450,45,194,0,0
1001601,馬公,6500010,淡水,0.7294,45,182,0,0
1001601,馬公,6500011,汐止,0.6628,45,182,0,0
1001601,馬公,6500013,土城,0.7262,45,202,0,0
1001601,馬公,6500015,五股,0.6649,45,127,0,0
1001601,馬公,6500017,林口,0.7205,45,191,0,0
1001601,馬公,6800007,龜山,0.7263,45,330,0,0
1001601,馬公,902004,902004,0.6667,45,40,0,0
1001701,基隆中正,1001702,基隆七堵,0.6679,112,81,0,0
1001701,基隆中正,1001703,基隆暖暖,0.7839,112,39,0,0
1001701,基隆中正,1001704,基隆仁愛,0.8060,112,33,0,0
1001701,基隆中正,1001705,基隆中山,0.8031,112,95,0,0
1001701,基隆中正,1001706,基隆安樂,0.8033,112,97,0,0
1001701,基隆中正,1001707,基隆信義,0.8584,112,98,0,0
1001702,基隆七堵,1001703,基隆暖暖,0.7113,81,39,0,0
1001702,基隆七堵,1001704,基隆仁愛,0.6644,81,33,0,0
1001702,基隆七堵,1001705,基隆中山,0.7708,81,95,0,0
1001702,基隆七堵,1001706,基隆安樂,0.6959,81,97,0,0
1001702,基隆七堵,1001707,基隆信義,0.6862,81,98,0,0
1001702,基隆七堵,6300001,松山,0.6942,81,105,0,0
1001702,基隆七堵,6300002,信義,0.7223,81,165,0,0
1001702,基隆七堵,6300003,大安,0.6830,81,187,0,0
1001702,基隆七堵,6300004,中山,0.6948,81,209,0,0
1001702,基隆七堵,6300005,中正,0.6601,81,115,0,0
1001702,基隆七堵,6300006,大同,0.6821,81,127,0,0
1001702,基隆七堵,6300007,萬華,0.7255,81,193,0,0
1001702,基隆七堵,6300008,文山,0.6980,81,281,0,0
1001702,基隆七堵,6300009,南港,0.6879,81,140,0,0
1001702,基隆七堵,6300010,內湖,0.7432,81,220,0,0
1001702,基隆七堵,6300011,士林,0.7127,81,176,0,0
1001702,基隆七堵,6300012,北投,0.6780,81,182,0,0
1001702,基隆七堵,6500001,板橋,0.7694,81,310,0,0
1001702,基隆七堵,6500002,三重,0.7149,81,206,0,0
1001702,基隆七堵,6500003,中和,0.7207,81,316,0,0
1001702,基隆七堵,6500004,永和,0.7026,81,148,0,0
1001702,基隆七堵,6500005,新莊,0.7717,81,291,0,0
1001702,基隆七堵,6500006,新店,0.7105,81,345,0,0
1001702,基隆七堵,6500007,樹林,0.6928,81,178,0,0
1001702,基隆七堵,6500009,三峽,0.7558,81,194,0,0
1001702,基隆七堵,6500010,淡水,0.7838,81,182,0,0
1001702,基隆七堵,6500011,汐止,0.7357,81,182,0,0
1001702,基隆七堵,6500013,土城,0.7339,81,202,0,0
1001702,基隆七堵,6500014,蘆洲,0.7172,81,140,0,0
1001702,基隆七堵,6500015,五股,0.6943,81,127,0,0
1001702,基隆七堵,6500016,泰山,0.6684,81,91,0,0
1001702,基隆七堵,6500017,林口,0.7919,81,191,0,0
1001702,基隆七堵,6500023,八里,0.6600,81,59,0,0
1001702,基隆七堵,6800001,桃園,0.7389,81,609,0,0
1001702,基隆七堵,6800002,中壢,0.6758,81,749,0,0
1001702,基隆七堵,6800004,楊梅,0.6866,81,454,0,0
1001702,基隆七堵,6800005,蘆竹,0.7086,81,260,0,0
1001702,基隆七堵,6800006,大園,0.6934,81,161,0,0
1001702,基隆七堵,6800007,龜山,0.7751,81,330,0,0
1001703,基隆暖暖,1001704,基隆仁愛,0.7016,39,33,0,0
1001703,基隆暖暖,1001705,基隆中山,0.8440,39,95,0,0
1001703,基隆暖暖,1001706,基隆安樂,0.8229,39,97,0,0
1001703,基隆暖暖,1001707,基隆信義,0.8087,39,98,0,0
1001704,基隆仁愛,1001705,基隆中山,0.7633,33,95,0,0
1001704,基隆仁愛,1001706,基隆安樂,0.7257,33,97,0,0
1001704,基隆仁愛,1001707,基隆信義,0.7696,33,98,0,0
1001705,基隆中山,1001706,基隆安樂,0.8012,95,97,0,0
1001705,基隆中山,1001707,基隆信義,0.8337,95,98,0,0
1001706,基隆安樂,1001707,基隆信義,0.7714,97,98,0,0
1001801,新竹東區(舊),1001802,新竹北區(舊),0.8907,288,293,0,0
1001801,新竹東區(舊),1001803,新竹香山(舊),0.8460,288,200,0,0
1001802,新竹北區(舊),1001803,新竹香山(舊),0.8732,293,200,0,0
6300001,松山,6300002,信義,0.8900,105,165,0,0
6300001,松山,6300003,大安,0.9112,105,187,0,0
6300001,松山,6300004,中山,0.8305,105,209,0,0
6300001,松山,6300005,中正,0.8286,105,115,0,0
6300001,松山,6300006,大同,0.8552,105,127,0,0
6300001,松山,6300007,萬華,0.7987,105,193,0,0
6300001,松山,6300008,文山,0.8304,105,281,0,0
6300001,松山,6300009,南港,0.7738,105,140,0,0
6300001,松山,6300010,內湖,0.8487,105,220,0,0
6300001,松山,6300011,士林,0.8465,105,176,0,0
6300001,松山,6300012,北投,0.8081,105,182,0,0
6300001,松山,6500001,板橋,0.7194,105,310,0,0
6300001,松山,6500002,三重,0.7422,105,206,0,0
6300001,松山,6500003,中和,0.7767,105,316,0,0
6300001,松山,6500004,永和,0.7654,105,148,0,0
6300001,松山,6500005,新莊,0.7230,105,291,0,0
6300001,松山,6500006,新店,0.7437,105,345,0,0
6300001,松山,6500009,三峽,0.6811,105,194,0,0
6300001,松山,6500010,淡水,0.7736,105,182,0,0
6300001,松山,6500011,汐止,0.8377,105,182,0,0
6300001,松山,6500013,土城,0.7031,105,202,0,0
6300001,松山,6500014,蘆洲,0.7405,105,140,0,0
6300001,松山,6500015,五股,0.7075,105,127,0,0
6300001,松山,6500017,林口,0.7470,105,191,0,0
6300001,松山,6500023,八里,0.6609,105,59,0,0
6300001,松山,6500029,烏來,0.6846,105,761,0,1
6300001,松山,6800007,龜山,0.6965,105,330,0,0
6300002,信義,6300003,大安,0.9020,165,187,0,0
6300002,信義,6300004,中山,0.8632,165,209,0,0
6300002,信義,6300005,中正,0.8348,165,115,0,0
6300002,信義,6300006,大同,0.9093,165,127,0,0
6300002,信義,6300007,萬華,0.8384,165,193,0,0
6300002,信義,6300008,文山,0.8853,165,281,0,0
6300002,信義,6300009,南港,0.8093,165,140,0,0
6300002,信義,6300010,內湖,0.8652,165,220,0,0
6300002,信義,6300011,士林,0.8633,165,176,0,0
6300002,信義,6300012,北投,0.8402,165,182,0,0
6300002,信義,6500001,板橋,0.7749,165,310,0,0
6300002,信義,6500002,三重,0.7714,165,206,0,0
6300002,信義,6500003,中和,0.8323,165,316,0,0
6300002,信義,6500004,永和,0.8310,165,148,0,0
6300002,信義,6500005,新莊,0.7849,165,291,0,0
6300002,信義,6500006,新店,0.8103,165,345,0,0
6300002,信義,6500007,樹林,0.7009,165,178,0,0
6300002,信義,6500009,三峽,0.6875,165,194,0,0
6300002,信義,6500010,淡水,0.7891,165,182,0,0
6300002,信義,6500011,汐止,0.8776,165,182,0,0
6300002,信義,6500013,土城,0.7151,165,202,0,0
6300002,信義,6500014,蘆洲,0.8035,165,140,0,0
6300002,信義,6500015,五股,0.7459,165,127,0,0
6300002,信義,6500017,林口,0.8102,165,191,0,0
6300002,信義,6500023,八里,0.7024,165,59,0,0
6300002,信義,6500029,烏來,0.6973,165,761,0,1
6300002,信義,6800001,桃園,0.6777,165,609,0,0
6300002,信義,6800005,蘆竹,0.6600,165,260,0,0
6300002,信義,6800007,龜山,0.7394,165,330,0,0
6300003,大安,6300004,中山,0.8545,187,209,0,0
6300003,大安,6300005,中正,0.8378,187,115,0,0
6300003,大安,6300006,大同,0.8586,187,127,0,0
6300003,大安,6300007,萬華,0.8203,187,193,0,0
6300003,大安,6300008,文山,0.8529,187,281,0,0
6300003,大安,6300009,南港,0.8081,187,140,0,0
6300003,大安,6300010,內湖,0.8211,187,220,0,0
6300003,大安,6300011,士林,0.8416,187,176,0,0
6300003,大安,6300012,北投,0.8184,187,182,0,0
6300003,大安,6500001,板橋,0.7240,187,310,0,0
6300003,大安,6500002,三重,0.7306,187,206,0,0
6300003,大安,6500003,中和,0.7913,187,316,0,0
6300003,大安,6500004,永和,0.7688,187,148,0,0
6300003,大安,6500005,新莊,0.7203,187,291,0,0
6300003,大安,6500006,新店,0.7678,187,345,0,0
6300003,大安,6500009,三峽,0.6752,187,194,0,0
6300003,大安,6500010,淡水,0.7487,187,182,0,0
6300003,大安,6500011,汐止,0.8455,187,182,0,0
6300003,大安,6500013,土城,0.6727,187,202,0,0
6300003,大安,6500014,蘆洲,0.7584,187,140,0,0
6300003,大安,6500015,五股,0.7006,187,127,0,0
6300003,大安,6500017,林口,0.7443,187,191,0,0
6300003,大安,6800007,龜山,0.6957,187,330,0,0
6300004,中山,6300005,中正,0.8054,209,115,0,0
6300004,中山,6300006,大同,0.8734,209,127,0,0
6300004,中山,6300007,萬華,0.8097,209,193,0,0
6300004,中山,6300008,文山,0.8822,209,281,0,0
6300004,中山,6300009,南港,0.7635,209,140,0,0
6300004,中山,6300010,內湖,0.8110,209,220,0,0
6300004,中山,6300011,士林,0.8735,209,176,0,0
6300004,中山,6300012,北投,0.8049,209,182,0,0
6300004,中山,6500001,板橋,0.7760,209,310,0,0
6300004,中山,6500002,三重,0.7616,209,206,0,0
6300004,中山,6500003,中和,0.8353,209,316,0,0
6300004,中山,6500004,永和,0.8017,209,148,0,0
6300004,中山,6500005,新莊,0.7660,209,291,0,0
6300004,中山,6500006,新店,0.8405,209,345,0,0
6300004,中山,6500009,三峽,0.6744,209,194,0,0
6300004,中山,6500010,淡水,0.7896,209,182,0,0
6300004,中山,6500011,汐止,0.8436,209,182,0,0
6300004,中山,6500013,土城,0.6947,209,202,0,0
6300004,中山,6500014,蘆洲,0.7801,209,140,0,0
6300004,中山,6500015,五股,0.7407,209,127,0,0
6300004,中山,6500017,林口,0.8022,209,191,0,0
6300004,中山,6500023,八里,0.7238,209,59,0,0
6300004,中山,6500029,烏來,0.6696,209,761,0,1
6300004,中山,6800001,桃園,0.6733,209,609,0,0
6300004,中山,6800007,龜山,0.7388,209,330,0,0
6300005,中正,6300006,大同,0.7793,115,127,0,0
6300005,中正,6300007,萬華,0.8524,115,193,0,0
6300005,中正,6300008,文山,0.7986,115,281,0,0
6300005,中正,6300009,南港,0.7739,115,140,0,0
6300005,中正,6300010,內湖,0.7955,115,220,0,0
6300005,中正,6300011,士林,0.8043,115,176,0,0
6300005,中正,6300012,北投,0.8853,115,182,0,0
6300005,中正,6500001,板橋,0.7496,115,310,0,0
6300005,中正,6500002,三重,0.7246,115,206,0,0
6300005,中正,6500003,中和,0.7506,115,316,0,0
6300005,中正,6500004,永和,0.7543,115,148,0,0
6300005,中正,6500005,新莊,0.7354,115,291,0,0
6300005,中正,6500006,新店,0.7246,115,345,0,0
6300005,中正,6500007,樹林,0.6840,115,178,0,0
6300005,中正,6500010,淡水,0.7297,115,182,0,0
6300005,中正,6500011,汐止,0.7970,115,182,0,0
6300005,中正,6500014,蘆洲,0.7186,115,140,0,0
6300005,中正,6500017,林口,0.7104,115,191,0,0
6300005,中正,6500023,八里,0.6703,115,59,0,0
6300005,中正,6800007,龜山,0.6639,115,330,0,0
6300006,大同,6300007,萬華,0.7993,127,193,0,0
6300006,大同,6300008,文山,0.8839,127,281,0,0
6300006,大同,6300009,南港,0.7585,127,140,0,0
6300006,大同,6300010,內湖,0.7996,127,220,0,0
6300006,大同,6300011,士林,0.8386,127,176,0,0
6300006,大同,6300012,北投,0.7840,127,182,0,0
6300006,大同,6500001,板橋,0.7285,127,310,0,0
6300006,大同,6500002,三重,0.7344,127,206,0,0
6300006,大同,6500003,中和,0.7962,127,316,0,0
6300006,大同,6500004,永和,0.7903,127,148,0,0
6300006,大同,6500005,新莊,0.7378,127,291,0,0
6300006,大同,6500006,新店,0.8101,127,345,0,0
6300006,大同,6500007,樹林,0.6667,127,178,0,0
6300006,大同,6500010,淡水,0.7446,127,182,0,0
6300006,大同,6500011,汐止,0.8415,127,182,0,0
6300006,大同,6500013,土城,0.6779,127,202,0,0
6300006,大同,6500014,蘆洲,0.7646,127,140,0,0
6300006,大同,6500015,五股,0.7165,127,127,0,0
6300006,大同,6500017,林口,0.7915,127,191,0,0
6300006,大同,6500023,八里,0.7072,127,59,0,0
6300006,大同,6500029,烏來,0.6738,127,761,0,1
6300006,大同,6800007,龜山,0.7040,127,330,0,0
6300007,萬華,6300008,文山,0.8042,193,281,0,0
6300007,萬華,6300009,南港,0.7631,193,140,0,0
6300007,萬華,6300010,內湖,0.8233,193,220,0,0
6300007,萬華,6300011,士林,0.8376,193,176,0,0
6300007,萬華,6300012,北投,0.8513,193,182,0,0
6300007,萬華,6500001,板橋,0.7927,193,310,0,0
6300007,萬華,6500002,三重,0.7597,193,206,0,0
6300007,萬華,6500003,中和,0.7789,193,316,0,0
6300007,萬華,6500004,永和,0.7762,193,148,0,0
6300007,萬華,6500005,新莊,0.7678,193,291,0,0
6300007,萬華,6500006,新店,0.7338,193,345,0,0
6300007,萬華,6500007,樹林,0.7226,193,178,0,0
6300007,萬華,6500009,三峽,0.6880,193,194,0,0
6300007,萬華,6500010,淡水,0.7925,193,182,0,0
6300007,萬華,6500011,汐止,0.8076,193,182,0,0
6300007,萬華,6500013,土城,0.6886,193,202,0,0
6300007,萬華,6500014,蘆洲,0.7212,193,140,0,0
6300007,萬華,6500015,五股,0.7234,193,127,0,0
6300007,萬華,6500016,泰山,0.7002,193,91,0,0
6300007,萬華,6500017,林口,0.7647,193,191,0,0
6300007,萬華,6500023,八里,0.6734,193,59,0,0
6300007,萬華,6800001,桃園,0.7463,193,609,0,0
6300007,萬華,6800002,中壢,0.7175,193,749,0,0
6300007,萬華,6800004,楊梅,0.7240,193,454,0,0
6300007,萬華,6800006,大園,0.7106,193,161,0,0
6300007,萬華,6800007,龜山,0.7512,193,330,0,0
6300007,萬華,6800008,八德,0.7071,193,528,0,0
6300007,萬華,6800010,平鎮,0.6791,193,559,0,0
6300008,文山,6300009,南港,0.8090,281,140,0,0
6300008,文山,6300010,內湖,0.8588,281,220,0,0
6300008,文山,6300011,士林,0.8486,281,176,0,0
6300008,文山,6300012,北投,0.8208,281,182,0,0
6300008,文山,6500001,板橋,0.7566,281,310,0,0
6300008,文山,6500002,三重,0.7695,281,206,0,0
6300008,文山,6500003,中和,0.8302,281,316,0,0
6300008,文山,6500004,永和,0.7979,281,148,0,0
6300008,文山,6500005,新莊,0.7718,281,291,0,0
6300008,文山,6500006,新店,0.8353,281,345,0,0
6300008,文山,6500007,樹林,0.6754,281,178,0,0
6300008,文山,6500009,三峽,0.6759,281,194,0,0
6300008,文山,6500010,淡水,0.7745,281,182,0,0
6300008,文山,6500011,汐止,0.9137,281,182,0,0
6300008,文山,6500013,土城,0.6903,281,202,0,0
6300008,文山,6500014,蘆洲,0.7988,281,140,0,0
6300008,文山,6500015,五股,0.7752,281,127,0,0
6300008,文山,6500017,林口,0.7894,281,191,0,0
6300008,文山,6500023,八里,0.6940,281,59,0,0
6300008,文山,6500029,烏來,0.6888,281,761,0,1
6300008,文山,6800001,桃園,0.6635,281,609,0,0
6300008,文山,6800007,龜山,0.7286,281,330,0,0
6300009,南港,6300010,內湖,0.8468,140,220,0,0
6300009,南港,6300011,士林,0.7925,140,176,0,0
6300009,南港,6300012,北投,0.7835,140,182,0,0
6300009,南港,6500001,板橋,0.6892,140,310,0,0
6300009,南港,6500002,三重,0.7087,140,206,0,0
6300009,南港,6500003,中和,0.7505,140,316,0,0
6300009,南港,6500004,永和,0.7245,140,148,0,0
6300009,南港,6500005,新莊,0.7192,140,291,0,0
6300009,南港,6500006,新店,0.6854,140,345,0,0
6300009,南港,6500010,淡水,0.7533,140,182,0,0
6300009,南港,6500011,汐止,0.8242,140,182,0,0
6300009,南港,6500014,蘆洲,0.7643,140,140,0,0
6300009,南港,6500015,五股,0.6957,140,127,0,0
6300009,南港,6500017,林口,0.6799,140,191,0,0
6300009,南港,6500023,八里,0.6916,140,59,0,0
6300009,南港,6800005,蘆竹,0.6852,140,260,0,0
6300009,南港,6800007,龜山,0.6634,140,330,0,0
6300010,內湖,6300011,士林,0.8784,220,176,0,0
6300010,內湖,6300012,北投,0.8410,220,182,0,0
6300010,內湖,6500001,板橋,0.7754,220,310,0,0
6300010,內湖,6500002,三重,0.8065,220,206,0,0
6300010,內湖,6500003,中和,0.8319,220,316,0,0
6300010,內湖,6500004,永和,0.8172,220,148,0,0
6300010,內湖,6500005,新莊,0.8023,220,291,0,0
6300010,內湖,6500006,新店,0.7740,220,345,0,0
6300010,內湖,6500007,樹林,0.7197,220,178,0,0
6300010,內湖,6500009,三峽,0.7357,220,194,0,0
6300010,內湖,6500010,淡水,0.8558,220,182,0,0
6300010,內湖,6500011,汐止,0.9008,220,182,0,0
6300010,內湖,6500013,土城,0.7112,220,202,0,0
6300010,內湖,6500014,蘆洲,0.8253,220,140,0,0
6300010,內湖,6500015,五股,0.7780,220,127,0,0
6300010,內湖,6500017,林口,0.7552,220,191,0,0
6300010,內湖,6500023,八里,0.7316,220,59,0,0
6300010,內湖,6500029,烏來,0.7036,220,761,0,1
6300010,內湖,6800001,桃園,0.6880,220,609,0,0
6300010,內湖,6800005,蘆竹,0.6895,220,260,0,0
6300010,內湖,6800007,龜山,0.7515,220,330,0,0
6300011,士林,6300012,北投,0.8231,176,182,0,0
6300011,士林,6400011,小港,0.6607,176,75,0,0
6300011,士林,6500001,板橋,0.8002,176,310,0,0
6300011,士林,6500002,三重,0.8270,176,206,0,0
6300011,士林,6500003,中和,0.8738,176,316,0,0
6300011,士林,6500004,永和,0.8173,176,148,0,0
6300011,士林,6500005,新莊,0.7763,176,291,0,0
6300011,士林,6500006,新店,0.8043,176,345,0,0
6300011,士林,6500007,樹林,0.7070,176,178,0,0
6300011,士林,6500009,三峽,0.7110,176,194,0,0
6300011,士林,6500010,淡水,0.8189,176,182,0,0
6300011,士林,6500011,汐止,0.8567,176,182,0,0
6300011,士林,6500013,土城,0.7171,176,202,0,0
6300011,士林,6500014,蘆洲,0.7903,176,140,0,0
6300011,士林,6500015,五股,0.7726,176,127,0,0
6300011,士林,6500017,林口,0.7910,176,191,0,0
6300011,士林,6500023,八里,0.7354,176,59,0,0
6300011,士林,6500029,烏來,0.6937,176,761,0,1
6300011,士林,6800001,桃園,0.7104,176,609,0,0
6300011,士林,6800002,中壢,0.6660,176,749,0,0
6300011,士林,6800004,楊梅,0.6713,176,454,0,0
6300011,士林,6800005,蘆竹,0.6793,176,260,0,0
6300011,士林,6800006,大園,0.6758,176,161,0,0
6300011,士林,6800007,龜山,0.7545,176,330,0,0
6300012,北投,6500001,板橋,0.7992,182,310,0,0
6300012,北投,6500002,三重,0.7910,182,206,0,0
6300012,北投,6500003,中和,0.8220,182,316,0,0
6300012,北投,6500004,永和,0.8087,182,148,0,0
6300012,北投,6500005,新莊,0.7750,182,291,0,0
6300012,北投,6500006,新店,0.7616,182,345,0,0
6300012,北投,6500007,樹林,0.7069,182,178,0,0
6300012,北投,6500009,三峽,0.6664,182,194,0,0
6300012,北投,6500010,淡水,0.8022,182,182,0,0
6300012,北投,6500011,汐止,0.8297,182,182,0,0
6300012,北投,6500014,蘆洲,0.7714,182,140,0,0
6300012,北投,6500015,五股,0.7144,182,127,0,0
6300012,北投,6500017,林口,0.7056,182,191,0,0
6300012,北投,6500023,八里,0.7227,182,59,0,0
6300012,北投,6500029,烏來,0.6966,182,761,0,1
6300012,北投,6800001,桃園,0.6770,182,609,0,0
6300012,北投,6800007,龜山,0.6738,182,330,0,0
6400002,6400002,6400003,左營,0.7138,56,107,0,0
6400002,6400002,6400004,楠梓,0.7423,56,130,0,0
6400002,6400002,6400005,三民,0.7236,56,92,0,0
6400002,6400002,6400008,6400008,0.6955,56,38,0,0
6400002,6400002,6400009,6400009,0.6878,56,79,0,0
6400002,6400002,6400011,小港,0.6810,56,75,0,0
6400002,6400002,6400012,鳳山,0.7706,56,123,0,0
6400002,6400002,6400014,6400014,0.7935,56,71,0,0
6400002,6400002,6400017,6400017,0.7607,56,35,0,0
6400002,6400002,6400019,6400019,0.6870,56,53,0,0
6400002,6400002,6400038,那瑪夏,0.7381,56,36,0,0
6400003,左營,6400004,楠梓,0.7886,107,130,0,0
6400003,左營,6400005,三民,0.8277,107,92,0,0
6400003,左營,6400008,6400008,0.6803,107,38,0,0
6400003,左營,6400009,6400009,0.8385,107,79,0,0
6400003,左營,6400011,小港,0.7844,107,75,0,0
6400003,左營,6400012,鳳山,0.8429,107,123,0,0
6400003,左營,6400014,6400014,0.8101,107,71,0,0
6400003,左營,6400017,6400017,0.7442,107,35,0,0
6400003,左營,6400038,那瑪夏,0.7181,107,36,0,0
6400004,楠梓,6400005,三民,0.8015,130,92,0,0
6400004,楠梓,6400009,6400009,0.8033,130,79,0,0
6400004,楠梓,6400011,小港,0.7785,130,75,0,0
6400004,楠梓,6400012,鳳山,0.7470,130,123,0,0
6400004,楠梓,6400014,6400014,0.7509,130,71,0,0
6400004,楠梓,6400017,6400017,0.7495,130,35,0,0
6400004,楠梓,6400019,6400019,0.6872,130,53,0,0
6400005,三民,6400008,6400008,0.6808,92,38,0,0
6400005,三民,6400009,6400009,0.8485,92,79,0,0
6400005,三民,6400011,小港,0.7557,92,75,0,0
6400005,三民,6400012,鳳山,0.7656,92,123,0,0
6400005,三民,6400014,6400014,0.7390,92,71,0,0
6400005,三民,6400017,6400017,0.7177,92,35,0,0
6400005,三民,6400019,6400019,0.6795,92,53,0,0
6400005,三民,6400038,那瑪夏,0.6715,92,36,0,0
6400005,三民,6500001,板橋,0.6612,92,310,0,0
6400005,三民,6500009,三峽,0.6810,92,194,0,0
6400005,三民,6500010,淡水,0.6615,92,182,0,0
6400005,三民,6800005,蘆竹,0.6637,92,260,0,0
6400005,三民,6800007,龜山,0.6688,92,330,0,0
6400005,三民,902004,902004,0.6717,92,40,0,0
6400008,6400008,6400009,6400009,0.7159,38,79,0,0
6400008,6400008,6400012,鳳山,0.7022,38,123,0,0
6400008,6400008,6400014,6400014,0.8110,38,71,0,0
6400008,6400008,6400017,6400017,0.7654,38,35,0,0
6400008,6400008,6400019,6400019,0.7011,38,53,0,0
6400009,6400009,6400011,小港,0.7598,79,75,0,0
6400009,6400009,6400012,鳳山,0.7512,79,123,0,0
6400009,6400009,6400014,6400014,0.7625,79,71,0,0
6400009,6400009,6400017,6400017,0.7378,79,35,0,0
6400009,6400009,6400038,那瑪夏,0.6607,79,36,0,0
6400011,小港,6400012,鳳山,0.7525,75,123,0,0
6400011,小港,6400014,6400014,0.6965,75,71,0,0
6400012,鳳山,6400014,6400014,0.8329,123,71,0,0
6400012,鳳山,6400017,6400017,0.7368,123,35,0,0
6400012,鳳山,6400019,6400019,0.6983,123,53,0,0
6400012,鳳山,6400038,那瑪夏,0.6822,123,36,0,0
6400014,6400014,6400017,6400017,0.8245,71,35,0,0
6400014,6400014,6400019,6400019,0.7725,71,53,0,0
6400014,6400014,6400038,那瑪夏,0.7015,71,36,0,0
6400017,6400017,6400019,6400019,0.8232,35,53,0,0
6400017,6400017,6400038,那瑪夏,0.7373,35,36,0,0
6500001,板橋,6500002,三重,0.8666,310,206,0,0
6500001,板橋,6500003,中和,0.8651,310,316,0,0
6500001,板橋,6500004,永和,0.8612,310,148,0,0
6500001,板橋,6500005,新莊,0.8975,310,291,0,0
6500001,板橋,6500006,新店,0.8721,310,345,0,0
6500001,板橋,6500007,樹林,0.8271,310,178,0,0
6500001,板橋,6500008,鶯歌,0.7090,310,149,0,0
6500001,板橋,6500009,三峽,0.8105,310,194,0,0
6500001,板橋,6500010,淡水,0.8659,310,182,0,0
6500001,板橋,6500011,汐止,0.7886,310,182,0,0
6500001,板橋,6500013,土城,0.8123,310,202,0,0
6500001,板橋,6500014,蘆洲,0.8309,310,140,0,0
6500001,板橋,6500015,五股,0.8272,310,127,0,0
6500001,板橋,6500016,泰山,0.8243,310,91,0,0
6500001,板橋,6500017,林口,0.8205,310,191,0,0
6500001,板橋,6500021,三芝,0.7228,310,39,0,0
6500001,板橋,6500023,八里,0.7939,310,59,0,0
6500001,板橋,6500029,烏來,0.7775,310,761,0,1
6500001,板橋,6800001,桃園,0.7703,310,609,0,0
6500001,板橋,6800002,中壢,0.7188,310,749,0,0
6500001,板橋,6800004,楊梅,0.7262,310,454,0,0
6500001,板橋,6800005,蘆竹,0.7046,310,260,0,0
6500001,板橋,6800006,大園,0.7066,310,161,0,0
6500001,板橋,6800007,龜山,0.7818,310,330,0,0
6500001,板橋,6800008,八德,0.6962,310,528,0,0
6500001,板橋,6800010,平鎮,0.6682,310,559,0,0
6500002,三重,6500003,中和,0.9090,206,316,0,0
6500002,三重,6500004,永和,0.8769,206,148,0,0
6500002,三重,6500005,新莊,0.8425,206,291,0,0
6500002,三重,6500006,新店,0.8811,206,345,0,0
6500002,三重,6500007,樹林,0.8272,206,178,0,0
6500002,三重,6500008,鶯歌,0.6890,206,149,0,0
6500002,三重,6500009,三峽,0.8105,206,194,0,0
6500002,三重,6500010,淡水,0.8591,206,182,0,0
6500002,三重,6500011,汐止,0.7851,206,182,0,0
6500002,三重,6500013,土城,0.8253,206,202,0,0
6500002,三重,6500014,蘆洲,0.8780,206,140,0,0
6500002,三重,6500015,五股,0.8540,206,127,0,0
6500002,三重,6500016,泰山,0.7426,206,91,0,0
6500002,三重,6500017,林口,0.7576,206,191,0,0
6500002,三重,6500023,八里,0.7848,206,59,0,0
6500002,三重,6500029,烏來,0.7843,206,761,0,1
6500002,三重,6800001,桃園,0.7091,206,609,0,0
6500002,三重,6800002,中壢,0.6630,206,749,0,0
6500002,三重,6800006,大園,0.6739,206,161,0,0
6500002,三重,6800007,龜山,0.7530,206,330,0,0
6500003,中和,6500004,永和,0.8815,316,148,0,0
6500003,中和,6500005,新莊,0.8671,316,291,0,0
6500003,中和,6500006,新店,0.8834,316,345,0,0
6500003,中和,6500007,樹林,0.7690,316,178,0,0
6500003,中和,6500008,鶯歌,0.6671,316,149,0,0
6500003,中和,6500009,三峽,0.7769,316,194,0,0
6500003,中和,6500010,淡水,0.8854,316,182,0,0
6500003,中和,6500011,汐止,0.8300,316,182,0,0
6500003,中和,6500013,土城,0.7949,316,202,0,0
6500003,中和,6500014,蘆洲,0.8795,316,140,0,0
6500003,中和,6500015,五股,0.8489,316,127,0,0
6500003,中和,6500016,泰山,0.7164,316,91,0,0
6500003,中和,6500017,林口,0.7859,316,191,0,0
6500003,中和,6500023,八里,0.7985,316,59,0,0
6500003,中和,6500029,烏來,0.7753,316,761,0,1
6500003,中和,6800001,桃園,0.7117,316,609,0,0
6500003,中和,6800002,中壢,0.6635,316,749,0,0
6500003,中和,6800005,蘆竹,0.6638,316,260,0,0
6500003,中和,6800006,大園,0.6644,316,161,0,0
6500003,中和,6800007,龜山,0.7686,316,330,0,0
6500004,永和,6500005,新莊,0.8533,148,291,0,0
6500004,永和,6500006,新店,0.8761,148,345,0,0
6500004,永和,6500007,樹林,0.8203,148,178,0,0
6500004,永和,6500009,三峽,0.8143,148,194,0,0
6500004,永和,6500010,淡水,0.8661,148,182,0,0
6500004,永和,6500011,汐止,0.8085,148,182,0,0
6500004,永和,6500013,土城,0.8026,148,202,0,0
6500004,永和,6500014,蘆洲,0.9052,148,140,0,0
6500004,永和,6500015,五股,0.8454,148,127,0,0
6500004,永和,6500016,泰山,0.7428,148,91,0,0
6500004,永和,6500017,林口,0.7555,148,191,0,0
6500004,永和,6500021,三芝,0.6793,148,39,0,0
6500004,永和,6500023,八里,0.7823,148,59,0,0
6500004,永和,6500029,烏來,0.8094,148,761,0,1
6500004,永和,6800001,桃園,0.6880,148,609,0,0
6500004,永和,6800007,龜山,0.7329,148,330,0,0
6500005,新莊,6500006,新店,0.8424,291,345,0,0
6500005,新莊,6500007,樹林,0.8603,291,178,0,0
6500005,新莊,6500008,鶯歌,0.7302,291,149,0,0
6500005,新莊,6500009,三峽,0.8093,291,194,0,0
6500005,新莊,6500010,淡水,0.8883,291,182,0,0
6500005,新莊,6500011,汐止,0.8059,291,182,0,0
6500005,新莊,6500013,土城,0.7857,291,202,0,0
6500005,新莊,6500014,蘆洲,0.8440,291,140,0,0
6500005,新莊,6500015,五股,0.7849,291,127,0,0
6500005,新莊,6500016,泰山,0.7902,291,91,0,0
6500005,新莊,6500017,林口,0.8085,291,191,0,0
6500005,新莊,6500021,三芝,0.6754,291,39,0,0
6500005,新莊,6500023,八里,0.7706,291,59,0,0
6500005,新莊,6500029,烏來,0.7593,291,761,0,1
6500005,新莊,6800001,桃園,0.7556,291,609,0,0
6500005,新莊,6800002,中壢,0.7080,291,749,0,0
6500005,新莊,6800004,楊梅,0.7057,291,454,0,0
6500005,新莊,6800005,蘆竹,0.7265,291,260,0,0
6500005,新莊,6800006,大園,0.6981,291,161,0,0
6500005,新莊,6800007,龜山,0.7911,291,330,0,0
6500005,新莊,6800008,八德,0.6767,291,528,0,0
6500006,新店,6500007,樹林,0.7997,345,178,0,0
6500006,新店,6500009,三峽,0.7879,345,194,0,0
6500006,新店,6500010,淡水,0.8236,345,182,0,0
6500006,新店,6500011,汐止,0.8132,345,182,0,0
6500006,新店,6500013,土城,0.8037,345,202,0,0
6500006,新店,6500014,蘆洲,0.8767,345,140,0,0
6500006,新店,6500015,五股,0.8309,345,127,0,0
6500006,新店,6500016,泰山,0.7397,345,91,0,0
6500006,新店,6500017,林口,0.8244,345,191,0,0
6500006,新店,6500021,三芝,0.6613,345,39,0,0
6500006,新店,6500023,八里,0.7979,345,59,0,0
6500006,新店,6500029,烏來,0.7684,345,761,0,1
6500006,新店,6800001,桃園,0.6826,345,609,0,0
6500006,新店,6800007,龜山,0.7493,345,330,0,0
6500007,樹林,6500008,鶯歌,0.7418,178,149,0,0
6500007,樹林,6500009,三峽,0.8109,178,194,0,0
6500007,樹林,6500010,淡水,0.7946,178,182,0,0
6500007,樹林,6500011,汐止,0.7203,178,182,0,0
6500007,樹林,6500013,土城,0.8040,178,202,0,0
6500007,樹林,6500014,蘆洲,0.8309,178,140,0,0
6500007,樹林,6500015,五股,0.7712,178,127,0,0
6500007,樹林,6500016,泰山,0.8005,178,91,0,0
6500007,樹林,6500017,林口,0.7546,178,191,0,0
6500007,樹林,6500021,三芝,0.7034,178,39,0,0
6500007,樹林,6500023,八里,0.6986,178,59,0,0
6500007,樹林,6500029,烏來,0.7517,178,761,0,1
6500007,樹林,6800001,桃園,0.7158,178,609,0,0
6500007,樹林,6800002,中壢,0.6921,178,749,0,0
6500007,樹林,6800004,楊梅,0.6791,178,454,0,0
6500007,樹林,6800005,蘆竹,0.6938,178,260,0,0
6500007,樹林,6800007,龜山,0.7264,178,330,0,0
6500007,樹林,6800008,八德,0.6669,178,528,0,0
6500008,鶯歌,6500009,三峽,0.7738,149,194,0,0
6500008,鶯歌,6500010,淡水,0.6910,149,182,0,0
6500008,鶯歌,6500013,土城,0.6973,149,202,0,0
6500008,鶯歌,6500014,蘆洲,0.6665,149,140,0,0
6500008,鶯歌,6500015,五股,0.6649,149,127,0,0
6500008,鶯歌,6500016,泰山,0.7714,149,91,0,0
6500008,鶯歌,6500017,林口,0.6807,149,191,0,0
6500008,鶯歌,6800001,桃園,0.7655,149,609,0,0
6500008,鶯歌,6800002,中壢,0.7801,149,749,0,0
6500008,鶯歌,6800003,大溪,0.7348,149,579,0,0
6500008,鶯歌,6800004,楊梅,0.7400,149,454,0,0
6500008,鶯歌,6800005,蘆竹,0.7850,149,260,0,0
6500008,鶯歌,6800006,大園,0.7793,149,161,0,0
6500008,鶯歌,6800007,龜山,0.7808,149,330,0,0
6500008,鶯歌,6800008,八德,0.7659,149,528,0,0
6500008,鶯歌,6800009,龍潭,0.7374,149,524,0,0
6500008,鶯歌,6800010,平鎮,0.7511,149,559,0,0
6500008,鶯歌,6800012,觀音,0.7675,149,203,0,0
6500008,鶯歌,6800013,復興,0.7124,149,1026,0,1
6500009,三峽,6500010,淡水,0.8312,194,182,0,0
6500009,三峽,6500011,汐止,0.7203,194,182,0,0
6500009,三峽,6500013,土城,0.8525,194,202,0,0
6500009,三峽,6500014,蘆洲,0.8244,194,140,0,0
6500009,三峽,6500015,五股,0.7968,194,127,0,0
6500009,三峽,6500016,泰山,0.7863,194,91,0,0
6500009,三峽,6500017,林口,0.7721,194,191,0,0
6500009,三峽,6500021,三芝,0.6632,194,39,0,0
6500009,三峽,6500023,八里,0.6932,194,59,0,0
6500009,三峽,6500029,烏來,0.7149,194,761,0,1
6500009,三峽,6800001,桃園,0.7462,194,609,0,0
6500009,三峽,6800002,中壢,0.7014,194,749,0,0
6500009,三峽,6800004,楊梅,0.6896,194,454,0,0
6500009,三峽,6800005,蘆竹,0.7575,194,260,0,0
6500009,三峽,6800006,大園,0.7109,194,161,0,0
6500009,三峽,6800007,龜山,0.7970,194,330,0,0
6500010,淡水,6500011,汐止,0.8187,182,182,0,0
6500010,淡水,6500013,土城,0.8043,182,202,0,0
6500010,淡水,6500014,蘆洲,0.8516,182,140,0,0
6500010,淡水,6500015,五股,0.8287,182,127,0,0
6500010,淡水,6500016,泰山,0.7253,182,91,0,0
6500010,淡水,6500017,林口,0.7943,182,191,0,0
6500010,淡水,6500023,八里,0.7740,182,59,0,0
6500010,淡水,6500029,烏來,0.7632,182,761,0,1
6500010,淡水,6800001,桃園,0.7333,182,609,0,0
6500010,淡水,6800002,中壢,0.6782,182,749,0,0
6500010,淡水,6800004,楊梅,0.6756,182,454,0,0
6500010,淡水,6800005,蘆竹,0.7126,182,260,0,0
6500010,淡水,6800006,大園,0.6634,182,161,0,0
6500010,淡水,6800007,龜山,0.7822,182,330,0,0
6500011,汐止,6500013,土城,0.7037,182,202,0,0
6500011,汐止,6500014,蘆洲,0.8297,182,140,0,0
6500011,汐止,6500015,五股,0.8281,182,127,0,0
6500011,汐止,6500017,林口,0.7978,182,191,0,0
6500011,汐止,6500023,八里,0.7135,182,59,0,0
6500011,汐止,6500029,烏來,0.7120,182,761,0,1
6500011,汐止,6800001,桃園,0.6794,182,609,0,0
6500011,汐止,6800005,蘆竹,0.6725,182,260,0,0
6500011,汐止,6800007,龜山,0.7401,182,330,0,0
6500013,土城,6500014,蘆洲,0.7832,202,140,0,0
6500013,土城,6500015,五股,0.8012,202,127,0,0
6500013,土城,6500016,泰山,0.7883,202,91,0,0
6500013,土城,6500017,林口,0.7860,202,191,0,0
6500013,土城,6500021,三芝,0.7532,202,39,0,0
6500013,土城,6500023,八里,0.6789,202,59,0,0
6500013,土城,6500029,烏來,0.8130,202,761,0,1
6500013,土城,6800001,桃園,0.7029,202,609,0,0
6500013,土城,6800002,中壢,0.6602,202,749,0,0
6500013,土城,6800004,楊梅,0.6687,202,454,0,0
6500013,土城,6800006,大園,0.6744,202,161,0,0
6500013,土城,6800007,龜山,0.7687,202,330,0,0
6500014,蘆洲,6500015,五股,0.8587,140,127,0,0
6500014,蘆洲,6500016,泰山,0.7071,140,91,0,0
6500014,蘆洲,6500017,林口,0.7513,140,191,0,0
6500014,蘆洲,6500023,八里,0.7995,140,59,0,0
6500014,蘆洲,6500029,烏來,0.7767,140,761,0,1
6500014,蘆洲,6800001,桃園,0.6743,140,609,0,0
6500014,蘆洲,6800005,蘆竹,0.6885,140,260,0,0
6500014,蘆洲,6800007,龜山,0.7366,140,330,0,0
6500015,五股,6500016,泰山,0.6932,127,91,0,0
6500015,五股,6500017,林口,0.7602,127,191,0,0
6500015,五股,6500021,三芝,0.6996,127,39,0,0
6500015,五股,6500023,八里,0.7404,127,59,0,0
6500015,五股,6500029,烏來,0.7972,127,761,0,1
6500015,五股,6800007,龜山,0.7222,127,330,0,0
6500016,泰山,6500017,林口,0.7742,91,191,0,0
6500016,泰山,6500021,三芝,0.6886,91,39,0,0
6500016,泰山,6500023,八里,0.6636,91,59,0,0
6500016,泰山,6500029,烏來,0.6878,91,761,0,1
6500016,泰山,6800001,桃園,0.7839,91,609,0,0
6500016,泰山,6800002,中壢,0.7766,91,749,0,0
6500016,泰山,6800003,大溪,0.7313,91,579,0,0
6500016,泰山,6800004,楊梅,0.7786,91,454,0,0
6500016,泰山,6800005,蘆竹,0.7280,91,260,0,0
6500016,泰山,6800006,大園,0.7482,91,161,0,0
6500016,泰山,6800007,龜山,0.7555,91,330,0,0
6500016,泰山,6800008,八德,0.7642,91,528,0,0
6500016,泰山,6800009,龍潭,0.6900,91,524,0,0
6500016,泰山,6800010,平鎮,0.7253,91,559,0,0
6500016,泰山,6800012,觀音,0.6745,91,203,0,0
6500016,泰山,6800013,復興,0.7019,91,1026,0,1
6500017,林口,6500023,八里,0.7224,191,59,0,0
6500017,林口,6800001,桃園,0.8100,191,609,0,0
6500017,林口,6800002,中壢,0.7873,191,749,0,0
6500017,林口,6800003,大溪,0.6701,191,579,0,0
6500017,林口,6800004,楊梅,0.7844,191,454,0,0
6500017,林口,6800005,蘆竹,0.7718,191,260,0,0
6500017,林口,6800006,大園,0.7566,191,161,0,0
6500017,林口,6800007,龜山,0.8641,191,330,0,0
6500017,林口,6800008,八德,0.7432,191,528,0,0
6500017,林口,6800009,龍潭,0.6684,191,524,0,0
6500017,林口,6800010,平鎮,0.6803,191,559,0,0
6500017,林口,6800013,復興,0.6709,191,1026,0,1
6500021,三芝,6500029,烏來,0.8379,39,761,0,1
6500023,八里,6500029,烏來,0.6842,59,761,0,1
6500023,八里,6800007,龜山,0.6693,59,330,0,0
6600001,臺中中區,6600002,臺中東區,0.7615,35,115,0,0
6600001,臺中中區,6600003,臺中南區,0.7195,35,114,0,0
6600001,臺中中區,6600004,臺中西區,0.7347,35,108,0,0
6600001,臺中中區,6600005,臺中北區,0.7981,35,220,0,0
6600001,臺中中區,6600006,西屯,0.6971,35,247,0,0
6600001,臺中中區,6600007,南屯,0.6890,35,130,0,0
6600001,臺中中區,6600008,北屯,0.7711,35,410,0,0
6600001,臺中中區,6600009,豐原,0.7404,35,222,0,0
6600001,臺中中區,6600010,東勢,0.7499,35,241,0,0
6600001,臺中中區,6600011,大甲,0.6821,35,32,0,0
6600001,臺中中區,6600012,清水,0.7279,35,61,0,0
6600001,臺中中區,6600013,沙鹿,0.7047,35,89,0,0
6600001,臺中中區,6600015,后里,0.7095,35,84,0,0
6600001,臺中中區,6600016,神岡,0.7806,35,59,0,0
6600001,臺中中區,6600017,潭子,0.7594,35,225,0,0
6600001,臺中中區,6600018,大雅,0.6869,35,120,0,0
6600001,臺中中區,6600019,新社,0.7589,35,64,0,0
6600001,臺中中區,6600020,石岡,0.7749,35,41,0,0
6600001,臺中中區,6600024,大肚,0.7390,35,88,0,0
6600001,臺中中區,6600025,龍井,0.6998,35,83,0,0
6600001,臺中中區,6600026,霧峰,0.8196,35,48,0,0
6600001,臺中中區,6600027,太平,0.7263,35,256,0,0
6600001,臺中中區,6600028,大里,0.7354,35,161,0,0
6600001,臺中中區,6600029,和平,0.7458,35,803,0,1
6600002,臺中東區,6600003,臺中南區,0.7775,115,114,0,0
6600002,臺中東區,6600004,臺中西區,0.8532,115,108,0,0
6600002,臺中東區,6600005,臺中北區,0.8652,115,220,0,0
6600002,臺中東區,6600006,西屯,0.8008,115,247,0,0
6600002,臺中東區,6600007,南屯,0.7729,115,130,0,0
6600002,臺中東區,6600008,北屯,0.8617,115,410,0,0
6600002,臺中東區,6600009,豐原,0.8468,115,222,0,0
6600002,臺中東區,6600010,東勢,0.7942,115,241,0,0
6600002,臺中東區,6600011,大甲,0.7372,115,32,0,0
6600002,臺中東區,6600012,清水,0.7336,115,61,0,0
6600002,臺中東區,6600013,沙鹿,0.8154,115,89,0,0
6600002,臺中東區,6600014,梧棲,0.7596,115,70,0,0
6600002,臺中東區,6600015,后里,0.8243,115,84,0,0
6600002,臺中東區,6600016,神岡,0.8007,115,59,0,0
6600002,臺中東區,6600017,潭子,0.8752,115,225,0,0
6600002,臺中東區,6600018,大雅,0.8290,115,120,0,0
6600002,臺中東區,6600019,新社,0.7231,115,64,0,0
6600002,臺中東區,6600020,石岡,0.6925,115,41,0,0
6600002,臺中東區,6600023,烏日,0.7646,115,70,0,0
6600002,臺中東區,6600024,大肚,0.7737,115,88,0,0
6600002,臺中東區,6600025,龍井,0.7019,115,83,0,0
6600002,臺中東區,6600026,霧峰,0.8397,115,48,0,0
6600002,臺中東區,6600027,太平,0.8244,115,256,0,0
6600002,臺中東區,6600028,大里,0.7963,115,161,0,0
6600002,臺中東區,6600029,和平,0.7734,115,803,0,1
6600003,臺中南區,6600004,臺中西區,0.8041,114,108,0,0
6600003,臺中南區,6600005,臺中北區,0.8469,114,220,0,0
6600003,臺中南區,6600006,西屯,0.8387,114,247,0,0
6600003,臺中南區,6600007,南屯,0.8636,114,130,0,0
6600003,臺中南區,6600008,北屯,0.8318,114,410,0,0
6600003,臺中南區,6600009,豐原,0.7138,114,222,0,0
6600003,臺中南區,6600012,清水,0.7794,114,61,0,0
6600003,臺中南區,6600013,沙鹿,0.7935,114,89,0,0
6600003,臺中南區,6600014,梧棲,0.7040,114,70,0,0
6600003,臺中南區,6600015,后里,0.6880,114,84,0,0
6600003,臺中南區,6600017,潭子,0.7499,114,225,0,0
6600003,臺中南區,6600018,大雅,0.8039,114,120,0,0
6600003,臺中南區,6600023,烏日,0.7887,114,70,0,0
6600003,臺中南區,6600024,大肚,0.7624,114,88,0,0
6600003,臺中南區,6600025,龍井,0.7550,114,83,0,0
6600003,臺中南區,6600026,霧峰,0.8037,114,48,0,0
6600003,臺中南區,6600027,太平,0.8737,114,256,0,0
6600003,臺中南區,6600028,大里,0.8591,114,161,0,0
6600003,臺中南區,6600029,和平,0.7055,114,803,0,1
6600004,臺中西區,6600005,臺中北區,0.8660,108,220,0,0
6600004,臺中西區,6600006,西屯,0.8561,108,247,0,0
6600004,臺中西區,6600007,南屯,0.8500,108,130,0,0
6600004,臺中西區,6600008,北屯,0.8742,108,410,0,0
6600004,臺中西區,6600009,豐原,0.8081,108,222,0,0
6600004,臺中西區,6600010,東勢,0.7962,108,241,0,0
6600004,臺中西區,6600011,大甲,0.6898,108,32,0,0
6600004,臺中西區,6600012,清水,0.7845,108,61,0,0
6600004,臺中西區,6600013,沙鹿,0.8476,108,89,0,0
6600004,臺中西區,6600014,梧棲,0.8087,108,70,0,0
6600004,臺中西區,6600015,后里,0.8280,108,84,0,0
6600004,臺中西區,6600016,神岡,0.7803,108,59,0,0
6600004,臺中西區,6600017,潭子,0.8963,108,225,0,0
6600004,臺中西區,6600018,大雅,0.8019,108,120,0,0
6600004,臺中西區,6600019,新社,0.6887,108,64,0,0
6600004,臺中西區,6600020,石岡,0.6951,108,41,0,0
6600004,臺中西區,6600023,烏日,0.7815,108,70,0,0
6600004,臺中西區,6600024,大肚,0.7698,108,88,0,0
6600004,臺中西區,6600025,龍井,0.7328,108,83,0,0
6600004,臺中西區,6600026,霧峰,0.8495,108,48,0,0
6600004,臺中西區,6600027,太平,0.8598,108,256,0,0
6600004,臺中西區,6600028,大里,0.8183,108,161,0,0
6600004,臺中西區,6600029,和平,0.7973,108,803,0,1
6600005,臺中北區,6600006,西屯,0.8535,220,247,0,0
6600005,臺中北區,6600007,南屯,0.8332,220,130,0,0
6600005,臺中北區,6600008,北屯,0.8806,220,410,0,0
6600005,臺中北區,6600009,豐原,0.7706,220,222,0,0
6600005,臺中北區,6600010,東勢,0.7268,220,241,0,0
6600005,臺中北區,6600012,清水,0.8324,220,61,0,0
6600005,臺中北區,6600013,沙鹿,0.8527,220,89,0,0
6600005,臺中北區,6600014,梧棲,0.7169,220,70,0,0
6600005,臺中北區,6600015,后里,0.7688,220,84,0,0
6600005,臺中北區,6600016,神岡,0.7567,220,59,0,0
6600005,臺中北區,6600017,潭子,0.8331,220,225,0,0
6600005,臺中北區,6600018,大雅,0.7939,220,120,0,0
6600005,臺中北區,6600019,新社,0.7267,220,64,0,0
6600005,臺中北區,6600020,石岡,0.7075,220,41,0,0
6600005,臺中北區,6600023,烏日,0.7584,220,70,0,0
6600005,臺中北區,6600024,大肚,0.7523,220,88,0,0
6600005,臺中北區,6600025,龍井,0.7656,220,83,0,0
6600005,臺中北區,6600026,霧峰,0.8587,220,48,0,0
6600005,臺中北區,6600027,太平,0.8809,220,256,0,0
6600005,臺中北區,6600028,大里,0.8484,220,161,0,0
6600005,臺中北區,6600029,和平,0.7777,220,803,0,1
6600006,西屯,6600007,南屯,0.8854,247,130,0,0
6600006,西屯,6600008,北屯,0.8884,247,410,0,0
6600006,西屯,6600009,豐原,0.7579,247,222,0,0
6600006,西屯,6600010,東勢,0.7110,247,241,0,0
6600006,西屯,6600011,大甲,0.6837,247,32,0,0
6600006,西屯,6600012,清水,0.7742,247,61,0,0
6600006,西屯,6600013,沙鹿,0.8812,247,89,0,0
6600006,西屯,6600014,梧棲,0.7474,247,70,0,0
6600006,西屯,6600015,后里,0.7363,247,84,0,0
6600006,西屯,6600016,神岡,0.7320,247,59,0,0
6600006,西屯,6600017,潭子,0.8301,247,225,0,0
6600006,西屯,6600018,大雅,0.8323,247,120,0,0
6600006,西屯,6600019,新社,0.7000,247,64,0,0
6600006,西屯,6600020,石岡,0.6608,247,41,0,0
6600006,西屯,6600023,烏日,0.7813,247,70,0,0
6600006,西屯,6600024,大肚,0.7992,247,88,0,0
6600006,西屯,6600025,龍井,0.7049,247,83,0,0
6600006,西屯,6600026,霧峰,0.8052,247,48,0,0
6600006,西屯,6600027,太平,0.8868,247,256,0,0
6600006,西屯,6600028,大里,0.8815,247,161,0,0
6600006,西屯,6600029,和平,0.7828,247,803,0,1
6600007,南屯,6600008,北屯,0.8552,130,410,0,0
6600007,南屯,6600009,豐原,0.7389,130,222,0,0
6600007,南屯,6600010,東勢,0.7046,130,241,0,0
6600007,南屯,6600012,清水,0.7801,130,61,0,0
6600007,南屯,6600013,沙鹿,0.8500,130,89,0,0
6600007,南屯,6600014,梧棲,0.7648,130,70,0,0
6600007,南屯,6600015,后里,0.7416,130,84,0,0
6600007,南屯,6600016,神岡,0.7126,130,59,0,0
6600007,南屯,6600017,潭子,0.7790,130,225,0,0
6600007,南屯,6600018,大雅,0.8301,130,120,0,0
6600007,南屯,6600019,新社,0.6962,130,64,0,0
6600007,南屯,6600020,石岡,0.6771,130,41,0,0
6600007,南屯,6600023,烏日,0.8110,130,70,0,0
6600007,南屯,6600024,大肚,0.7928,130,88,0,0
6600007,南屯,6600025,龍井,0.7271,130,83,0,0
6600007,南屯,6600026,霧峰,0.7590,130,48,0,0
6600007,南屯,6600027,太平,0.8629,130,256,0,0
6600007,南屯,6600028,大里,0.8478,130,161,0,0
6600007,南屯,6600029,和平,0.7673,130,803,0,1
6600008,北屯,6600009,豐原,0.8290,410,222,0,0
6600008,北屯,6600010,東勢,0.7924,410,241,0,0
6600008,北屯,6600011,大甲,0.7177,410,32,0,0
6600008,北屯,6600012,清水,0.7544,410,61,0,0
6600008,北屯,6600013,沙鹿,0.8309,410,89,0,0
6600008,北屯,6600014,梧棲,0.7425,410,70,0,0
6600008,北屯,6600015,后里,0.7994,410,84,0,0
6600008,北屯,6600016,神岡,0.7886,410,59,0,0
6600008,北屯,6600017,潭子,0.8867,410,225,0,0
6600008,北屯,6600018,大雅,0.8852,410,120,0,0
6600008,北屯,6600019,新社,0.7514,410,64,0,0
6600008,北屯,6600020,石岡,0.7293,410,41,0,0
6600008,北屯,6600023,烏日,0.8230,410,70,0,0
6600008,北屯,6600024,大肚,0.8443,410,88,0,0
6600008,北屯,6600025,龍井,0.7020,410,83,0,0
6600008,北屯,6600026,霧峰,0.8775,410,48,0,0
6600008,北屯,6600027,太平,0.8585,410,256,0,0
6600008,北屯,6600028,大里,0.8297,410,161,0,0
6600008,北屯,6600029,和平,0.8389,410,803,0,1
6600009,豐原,6600010,東勢,0.8538,222,241,0,0
6600009,豐原,6600011,大甲,0.8145,222,32,0,0
6600009,豐原,6600013,沙鹿,0.7535,222,89,0,0
6600009,豐原,6600014,梧棲,0.7417,222,70,0,0
6600009,豐原,6600015,后里,0.8890,222,84,0,0
6600009,豐原,6600016,神岡,0.8271,222,59,0,0
6600009,豐原,6600017,潭子,0.8553,222,225,0,0
6600009,豐原,6600018,大雅,0.8009,222,120,0,0
6600009,豐原,6600019,新社,0.7959,222,64,0,0
6600009,豐原,6600020,石岡,0.7695,222,41,0,0
6600009,豐原,6600023,烏日,0.7673,222,70,0,0
6600009,豐原,6600024,大肚,0.8303,222,88,0,0
6600009,豐原,6600026,霧峰,0.8260,222,48,0,0
6600009,豐原,6600027,太平,0.7570,222,256,0,0
6600009,豐原,6600028,大里,0.7242,222,161,0,0
6600009,豐原,6600029,和平,0.8402,222,803,0,1
6600010,東勢,6600011,大甲,0.8137,241,32,0,0
6600010,東勢,6600013,沙鹿,0.6818,241,89,0,0
6600010,東勢,6600014,梧棲,0.7282,241,70,0,0
6600010,東勢,6600015,后里,0.8107,241,84,0,0
6600010,東勢,6600016,神岡,0.8429,241,59,0,0
6600010,東勢,6600017,潭子,0.8235,241,225,0,0
6600010,東勢,6600018,大雅,0.7741,241,120,0,0
6600010,東勢,6600019,新社,0.7982,241,64,0,0
6600010,東勢,6600020,石岡,0.7708,241,41,0,0
6600010,東勢,6600023,烏日,0.7245,241,70,0,0
6600010,東勢,6600024,大肚,0.8202,241,88,0,0
6600010,東勢,6600026,霧峰,0.7949,241,48,0,0
6600010,東勢,6600027,太平,0.7094,241,256,0,0
6600010,東勢,6600028,大里,0.6713,241,161,0,0
6600010,東勢,6600029,和平,0.9028,241,803,0,1
6600011,大甲,6600013,沙鹿,0.6668,32,89,0,0
6600011,大甲,6600014,梧棲,0.7080,32,70,0,0
6600011,大甲,6600015,后里,0.7961,32,84,0,0
6600011,大甲,6600016,神岡,0.8369,32,59,0,0
6600011,大甲,6600017,潭子,0.7249,32,225,0,0
6600011,大甲,6600018,大雅,0.7021,32,120,0,0
6600011,大甲,6600019,新社,0.8125,32,64,0,0
6600011,大甲,6600020,石岡,0.7157,32,41,0,0
6600011,大甲,6600023,烏日,0.6875,32,70,0,0
6600011,大甲,6600024,大肚,0.8011,32,88,0,0
6600011,大甲,6600026,霧峰,0.7292,32,48,0,0
6600011,大甲,6600029,和平,0.7544,32,803,0,1
6600012,清水,6600013,沙鹿,0.8368,61,89,0,0
6600012,清水,6600014,梧棲,0.7145,61,70,0,0
6600012,清水,6600015,后里,0.7075,61,84,0,0
6600012,清水,6600016,神岡,0.6794,61,59,0,0
6600012,清水,6600017,潭子,0.7012,61,225,0,0
6600012,清水,6600018,大雅,0.6601,61,120,0,0
6600012,清水,6600025,龍井,0.8003,61,83,0,0
6600012,清水,6600026,霧峰,0.7609,61,48,0,0
6600012,清水,6600027,太平,0.8067,61,256,0,0
6600012,清水,6600028,大里,0.7887,61,161,0,0
6600013,沙鹿,6600014,梧棲,0.7921,89,70,0,0
6600013,沙鹿,6600015,后里,0.7907,89,84,0,0
6600013,沙鹿,6600016,神岡,0.7372,89,59,0,0
6600013,沙鹿,6600017,潭子,0.7872,89,225,0,0
6600013,沙鹿,6600018,大雅,0.7610,89,120,0,0
6600013,沙鹿,6600019,新社,0.7151,89,64,0,0
6600013,沙鹿,6600020,石岡,0.6802,89,41,0,0
6600013,沙鹿,6600023,烏日,0.7413,89,70,0,0
6600013,沙鹿,6600024,大肚,0.7329,89,88,0,0
6600013,沙鹿,6600025,龍井,0.7508,89,83,0,0
6600013,沙鹿,6600026,霧峰,0.7750,89,48,0,0
6600013,沙鹿,6600027,太平,0.8727,89,256,0,0
6600013,沙鹿,6600028,大里,0.8597,89,161,0,0
6600013,沙鹿,6600029,和平,0.7396,89,803,0,1
6600014,梧棲,6600015,后里,0.8119,70,84,0,0
6600014,梧棲,6600016,神岡,0.7695,70,59,0,0
6600014,梧棲,6600017,潭子,0.7771,70,225,0,0
6600014,梧棲,6600018,大雅,0.7202,70,120,0,0
6600014,梧棲,6600019,新社,0.6964,70,64,0,0
6600014,梧棲,6600020,石岡,0.6934,70,41,0,0
6600014,梧棲,6600023,烏日,0.7714,70,70,0,0
6600014,梧棲,6600024,大肚,0.7305,70,88,0,0
6600014,梧棲,6600025,龍井,0.7489,70,83,0,0
6600014,梧棲,6600026,霧峰,0.7006,70,48,0,0
6600014,梧棲,6600027,太平,0.7512,70,256,0,0
6600014,梧棲,6600028,大里,0.7373,70,161,0,0
6600014,梧棲,6600029,和平,0.7008,70,803,0,1
6600015,后里,6600016,神岡,0.8358,84,59,0,0
6600015,后里,6600017,潭子,0.8392,84,225,0,0
6600015,后里,6600018,大雅,0.7726,84,120,0,0
6600015,后里,6600019,新社,0.7879,84,64,0,0
6600015,后里,6600020,石岡,0.7880,84,41,0,0
6600015,后里,6600023,烏日,0.7548,84,70,0,0
6600015,后里,6600024,大肚,0.7781,84,88,0,0
6600015,后里,6600025,龍井,0.7189,84,83,0,0
6600015,后里,6600026,霧峰,0.8065,84,48,0,0
6600015,后里,6600027,太平,0.7338,84,256,0,0
6600015,后里,6600028,大里,0.7070,84,161,0,0
6600015,后里,6600029,和平,0.7961,84,803,0,1
6600016,神岡,6600017,潭子,0.7992,59,225,0,0
6600016,神岡,6600018,大雅,0.7525,59,120,0,0
6600016,神岡,6600019,新社,0.8408,59,64,0,0
6600016,神岡,6600020,石岡,0.7660,59,41,0,0
6600016,神岡,6600023,烏日,0.7007,59,70,0,0
6600016,神岡,6600024,大肚,0.8114,59,88,0,0
6600016,神岡,6600026,霧峰,0.7828,59,48,0,0
6600016,神岡,6600027,太平,0.7073,59,256,0,0
6600016,神岡,6600028,大里,0.6613,59,161,0,0
6600016,神岡,6600029,和平,0.8161,59,803,0,1
6600017,潭子,6600018,大雅,0.8106,225,120,0,0
6600017,潭子,6600019,新社,0.7211,225,64,0,0
6600017,潭子,6600020,石岡,0.7217,225,41,0,0
6600017,潭子,6600023,烏日,0.7860,225,70,0,0
6600017,潭子,6600024,大肚,0.7843,225,88,0,0
6600017,潭子,6600025,龍井,0.7004,225,83,0,0
6600017,潭子,6600026,霧峰,0.8467,225,48,0,0
6600017,潭子,6600027,太平,0.8100,225,256,0,0
6600017,潭子,6600028,大里,0.7938,225,161,0,0
6600017,潭子,6600029,和平,0.8027,225,803,0,1
6600018,大雅,6600019,新社,0.7333,120,64,0,0
6600018,大雅,6600020,石岡,0.6874,120,41,0,0
6600018,大雅,6600023,烏日,0.8262,120,70,0,0
6600018,大雅,6600024,大肚,0.8614,120,88,0,0
6600018,大雅,6600026,霧峰,0.8208,120,48,0,0
6600018,大雅,6600027,太平,0.8102,120,256,0,0
6600018,大雅,6600028,大里,0.7763,120,161,0,0
6600018,大雅,6600029,和平,0.8197,120,803,0,1
6600019,新社,6600020,石岡,0.8270,64,41,0,0
6600019,新社,6600023,烏日,0.7371,64,70,0,0
6600019,新社,6600024,大肚,0.8068,64,88,0,0
6600019,新社,6600026,霧峰,0.7552,64,48,0,0
6600019,新社,6600027,太平,0.6836,64,256,0,0
6600019,新社,6600029,和平,0.8061,64,803,0,1
6600020,石岡,6600023,烏日,0.7094,41,70,0,0
6600020,石岡,6600024,大肚,0.7616,41,88,0,0
6600020,石岡,6600025,龍井,0.6782,41,83,0,0
6600020,石岡,6600026,霧峰,0.7368,41,48,0,0
6600020,石岡,6600029,和平,0.7761,41,803,0,1
6600023,烏日,6600024,大肚,0.8701,70,88,0,0
6600023,烏日,6600025,龍井,0.6864,70,83,0,0
6600023,烏日,6600026,霧峰,0.7744,70,48,0,0
6600023,烏日,6600027,太平,0.7872,70,256,0,0
6600023,烏日,6600028,大里,0.7901,70,161,0,0
6600023,烏日,6600029,和平,0.7403,70,803,0,1
6600024,大肚,6600025,龍井,0.6824,88,83,0,0
6600024,大肚,6600026,霧峰,0.8371,88,48,0,0
6600024,大肚,6600027,太平,0.7717,88,256,0,0
6600024,大肚,6600028,大里,0.7449,88,161,0,0
6600024,大肚,6600029,和平,0.8130,88,803,0,1
6600025,龍井,6600026,霧峰,0.7342,83,48,0,0
6600025,龍井,6600027,太平,0.7505,83,256,0,0
6600025,龍井,6600028,大里,0.7450,83,161,0,0
6600026,霧峰,6600027,太平,0.8216,48,256,0,0
6600026,霧峰,6600028,大里,0.8166,48,161,0,0
6600026,霧峰,6600029,和平,0.8218,48,803,0,1
6600027,太平,6600028,大里,0.8836,256,161,0,0
6600027,太平,6600029,和平,0.7605,256,803,0,1
6600028,大里,6600029,和平,0.7174,161,803,0,1
6800001,桃園,6800002,中壢,0.9231,609,749,0,0
6800001,桃園,6800003,大溪,0.8077,609,579,0,0
6800001,桃園,6800004,楊梅,0.8980,609,454,0,0
6800001,桃園,6800005,蘆竹,0.8728,609,260,0,0
6800001,桃園,6800006,大園,0.8891,609,161,0,0
6800001,桃園,6800007,龜山,0.8831,609,330,0,0
6800001,桃園,6800008,八德,0.8916,609,528,0,0
6800001,桃園,6800009,龍潭,0.8298,609,524,0,0
6800001,桃園,6800010,平鎮,0.8314,609,559,0,0
6800001,桃園,6800011,新屋,0.7023,609,65,0,0
6800001,桃園,6800012,觀音,0.8161,609,203,0,0
6800001,桃園,6800013,復興,0.8126,609,1026,0,1
6800001,桃園,902004,902004,0.6952,609,40,0,0
6800002,中壢,6800003,大溪,0.8293,749,579,0,0
6800002,中壢,6800004,楊梅,0.8875,749,454,0,0
6800002,中壢,6800005,蘆竹,0.8391,749,260,0,0
6800002,中壢,6800006,大園,0.8959,749,161,0,0
6800002,中壢,6800007,龜山,0.8492,749,330,0,0
6800002,中壢,6800008,八德,0.9083,749,528,0,0
6800002,中壢,6800009,龍潭,0.8371,749,524,0,0
6800002,中壢,6800010,平鎮,0.8466,749,559,0,0
6800002,中壢,6800011,新屋,0.6852,749,65,0,0
6800002,中壢,6800012,觀音,0.8309,749,203,0,0
6800002,中壢,6800013,復興,0.8111,749,1026,0,1
6800002,中壢,902004,902004,0.6773,749,40,0,0
6800003,大溪,6800004,楊梅,0.8056,579,454,0,0
6800003,大溪,6800005,蘆竹,0.7186,579,260,0,0
6800003,大溪,6800006,大園,0.8013,579,161,0,0
6800003,大溪,6800007,龜山,0.7394,579,330,0,0
6800003,大溪,6800008,八德,0.8892,579,528,0,0
6800003,大溪,6800009,龍潭,0.8037,579,524,0,0
6800003,大溪,6800010,平鎮,0.8647,579,559,0,0
6800003,大溪,6800011,新屋,0.8027,579,65,0,0
6800003,大溪,6800012,觀音,0.7643,579,203,0,0
6800003,大溪,6800013,復興,0.9312,579,1026,0,1
6800004,楊梅,6800005,蘆竹,0.8043,454,260,0,0
6800004,楊梅,6800006,大園,0.9006,454,161,0,0
6800004,楊梅,6800007,龜山,0.8312,454,330,0,0
6800004,楊梅,6800008,八德,0.8882,454,528,0,0
6800004,楊梅,6800009,龍潭,0.8568,454,524,0,0
6800004,楊梅,6800010,平鎮,0.8488,454,559,0,0
6800004,楊梅,6800011,新屋,0.7289,454,65,0,0
6800004,楊梅,6800012,觀音,0.8386,454,203,0,0
6800004,楊梅,6800013,復興,0.7756,454,1026,0,1
6800004,楊梅,902004,902004,0.6660,454,40,0,0
6800005,蘆竹,6800006,大園,0.7987,260,161,0,0
6800005,蘆竹,6800007,龜山,0.8483,260,330,0,0
6800005,蘆竹,6800008,八德,0.7808,260,528,0,0
6800005,蘆竹,6800009,龍潭,0.7395,260,524,0,0
6800005,蘆竹,6800010,平鎮,0.7537,260,559,0,0
6800005,蘆竹,6800012,觀音,0.7553,260,203,0,0
6800005,蘆竹,6800013,復興,0.7167,260,1026,0,1
6800005,蘆竹,902004,902004,0.6731,260,40,0,0
6800006,大園,6800007,龜山,0.8499,161,330,0,0
6800006,大園,6800008,八德,0.8854,161,528,0,0
6800006,大園,6800009,龍潭,0.8568,161,524,0,0
6800006,大園,6800010,平鎮,0.8606,161,559,0,0
6800006,大園,6800011,新屋,0.7315,161,65,0,0
6800006,大園,6800012,觀音,0.8571,161,203,0,0
6800006,大園,6800013,復興,0.7866,161,1026,0,1
6800006,大園,902004,902004,0.7048,161,40,0,0
6800007,龜山,6800008,八德,0.8045,330,528,0,0
6800007,龜山,6800009,龍潭,0.7497,330,524,0,0
6800007,龜山,6800010,平鎮,0.7633,330,559,0,0
6800007,龜山,6800012,觀音,0.7535,330,203,0,0
6800007,龜山,6800013,復興,0.7412,330,1026,0,1
6800007,龜山,902004,902004,0.6985,330,40,0,0
6800008,八德,6800009,龍潭,0.8621,528,524,0,0
6800008,八德,6800010,平鎮,0.9010,528,559,0,0
6800008,八德,6800011,新屋,0.7533,528,65,0,0
6800008,八德,6800012,觀音,0.8335,528,203,0,0
6800008,八德,6800013,復興,0.8625,528,1026,0,1
6800008,八德,902004,902004,0.6617,528,40,0,0
6800009,龍潭,6800010,平鎮,0.8809,524,559,0,0
6800009,龍潭,6800011,新屋,0.8061,524,65,0,0
6800009,龍潭,6800012,觀音,0.8641,524,203,0,0
6800009,龍潭,6800013,復興,0.8025,524,1026,0,1
6800010,平鎮,6800011,新屋,0.8061,559,65,0,0
6800010,平鎮,6800012,觀音,0.8374,559,203,0,0
6800010,平鎮,6800013,復興,0.8556,559,1026,0,1
6800011,新屋,6800012,觀音,0.7233,65,203,0,0
6800011,新屋,6800013,復興,0.7938,65,1026,0,1
6800012,觀音,6800013,復興,0.7304,203,1026,0,1
